figure,scope,description,archived_source_data,generator_or_analysis_script,status,archive_note
Fig1,main,Reference production transport maps,"archive_sources/Fig1_reference_plot_source.csv.gz; derived_data/Fig1_reference_annotation_metrics.csv","scripts/figures/build_Fig1_reference_production_map.py; scripts/archive/90_export_compact_archive_sources.py",COMPLETE,"Compact submission-matched trajectory/endpoint source replaces public redistribution of raw production NetCDFs"
Fig2,main,20-seed ensemble process attribution,"derived_data/Figure2_ensemble_absolute_metrics.csv; derived_data/Figure2_paired_A90_changes.csv","scripts/figures/build_Fig2_ensemble_process_attribution.py",COMPLETE,"Builder reads archived CSV sources directly"
Fig3,main,Vertical-exchange time series and robust depth tails,"derived_data/Fig3_revised_vertical_timeseries.csv; derived_data/Fig3_revised_vertical_depth_ensemble.csv; diagnostics/reviewer2/M9_vertical_depth_per_seed.csv; diagnostics/reviewer2/M9_vertical_depth_summary.csv","scripts/figures/build_Fig3_vertical_exchange.py; scripts/robustness/76_analyze_M9_vertical_depth_percentiles.py",COMPLETE,"Frozen plotted source tables archived; original builder retained for raw-output provenance"
Fig4,main,C3 fate and emulsification history,"derived_data/Fig4_revised_C3_fate_timeseries.csv","scripts/figures/build_Fig4_C3_fate_evolution.py",COMPLETE,"Frozen plotted source table archived; original builder retained for raw-output provenance"
Fig5,main,Weathering-to-entrainment mechanism,"derived_data/Fig5_revised_weathering_entrainment_mechanism.csv; diagnostics/reviewer2/M8_mechanism_timeseries.csv","scripts/figures/build_Fig5_weathering_entrainment_mechanism.py; scripts/mechanism/62_reconstruct_M8_mechanism_mixed_units_fix.py",COMPLETE,"Mechanism builder reads archived M8 diagnostic source"
Fig6,main,Numerical robustness,"derived_data/Fig6_timestep_screen.csv; derived_data/Fig6_particle_count_ensemble.csv; diagnostics/reviewer2/M4_particle_convergence_per_seed.csv; diagnostics/reviewer2/M4_particle_convergence_summary.csv; diagnostics/reviewer2/M4_particle_convergence_paired.csv","scripts/figures/build_Fig6_numerical_robustness.py; scripts/robustness/70_run_M4_particle_ensemble.py; scripts/robustness/71_analyze_M4_particle_convergence.py",COMPLETE,"Frozen plotted source and per-seed diagnostics archived; original builder retained for raw-output provenance"
FigS1,SI,Well-mixed-condition sign diagnostic,"diagnostics/reviewer2/R3_well_mixed_summary.csv; diagnostics/reviewer2/R3_well_mixed_histograms.csv; diagnostics/reviewer2/R3_diffusivity_profiles.csv","scripts/audits/86_audit_R3_vertical_mixing_and_wind_threshold.py",COMPLETE,"Reviewer diagnostic tables and generating audit retained"
FigS2,SI,Wind-threshold and vertical-occupancy diagnostic,"diagnostics/reviewer2/R3_wind_threshold_occupancy.csv; diagnostics/reviewer2/R3_wind_occupancy_lag_correlations.csv; derived_data/Fig3_revised_vertical_timeseries.csv","scripts/audits/86_audit_R3_vertical_mixing_and_wind_threshold.py",COMPLETE,"Reviewer diagnostic tables and generating audit retained"
FigS3,SI,Three-oil sensitivity,"derived_data/FigS3_oil_sensitivity_summary.csv; derived_data/FigS3_oil_property_summary.csv; derived_data/FigS3_reference_variability.csv; diagnostics/reviewer2/M10_three_oil_properties.csv; diagnostics/reviewer2/M10_three_oil_metrics.csv; archive_sources/FigS3_per_element_surface_time.csv.gz; archive_sources/FigS3_reference_offsets.csv","scripts/oil_sensitivity/82_analyze_M10_three_oil_sensitivity.py; scripts/archive/90_export_compact_archive_sources.py",COMPLETE,"Summary and compact per-element source data archived; raw oil-sensitivity NetCDFs not redistributed"
